{
"lengthUnit": "mil",
"components": {
	"fields": ["COMPONENT_NO", "COMPONENT_NAME", "LAYER", "X_COORDINATE", "Y_COORDINATE", "ANGLE"],
	"rows": [
		[1, "ACIN1", "T", 210, -1550, 180],
		[2, "AMS1117", "B", 430, -190, 270],
		[3, "bc547_r1", "B", 1000, -835, 180],
		[4, "BOOT1", "B", 1580, -140, 90],
		[5, "C6", "B", 325, -490, 90],
		[6, "C7", "B", 430, -490, 270],
		[7, "C14", "B", 1257.29, 418.9, 0],
		[8, "C15", "B", 1509.17, 280.66, 270],
		[9, "CH340C", "T", 1353.3, 245.42, 0],
		[10, "D1", "B", 1241.61, -1071.61, 90],
		[11, "ESP32", "T", 1348.63, -413.71, 90],
		[12, "HILINK1", "T", 410, -685, 90],
		[13, "HT7833", "B", 1244.72, 255.85, 180],
		[14, "LOAD1", "T", 620, -1550, 180],
		[15, "PC817_R1", "B", 1045, -625, 180],
		[16, "R1", "B", 885, -155, 270],
		[17, "R12", "B", 1383.15, -573.17, 180],
		[18, "R13", "B", 861.78, -811.78, 270],
		[19, "R14", "B", 1650, -1020, 180],
		[20, "R15", "B", 1460, -1395, 270],
		[21, "RELAY1", "T", 1005, -1355, 270],
		[22, "RESET1", "B", 1140, -140, 90],
		[23, "RESET1N1", "B", 1455, -945, 270],
		[24, "SWITCH", "T", 1560, -1550, 180],
		[25, "WS2812B1", "T", 1410, -1090, 0],
		[26, "PAD1", "T", 1210, -5, 0],
		[27, "PAD1", "B", 1210, -5, 0],
		[28, "PAD2", "T", 1305, -5, 0],
		[29, "PAD2", "B", 1305, -5, 0],
		[30, "PAD3", "T", 1403.08, -5, 0],
		[31, "PAD3", "B", 1403.08, -5, 0],
		[32, "PAD4", "T", 1500, -5, 0],
		[33, "PAD4", "B", 1500, -5, 0],
		[34, "PAD5", "T", 1498.81, 746.76, 0],
		[35, "PAD6", "T", 1390.54, 727.39, 0],
		[36, "PAD7", "T", 1311.8, 727.11, 0],
		[37, "PAD8", "T", 1203.54, 747, 0]
	]
},
"pins": {
	"fields": ["PIN_NO", "PIN_NAME", "PIN_X", "PIN_Y", "LAYER", "PIN_TYPE", "NET_NAME", "NET_TYPE", "PAD_SHAPE", "PAD_SIZEX", "PAD_SIZEY", "HOLE_SIZE", "PAD_ANGLE"],
	"rows": [
		[1, "ACIN1_1", 310, -1550, "T", "DIP", "AC1", "", "C", 78.74, 78.74, 51.18, 0],
		[2, "ACIN1_1", 310, -1550, "B", "DIP", "AC1", "", "C", 78.74, 78.74, 51.18, 0],
		[3, "ACIN1_2", 110, -1550, "T", "DIP", "AC2", "", "C", 78.74, 78.74, 51.18, 0],
		[4, "ACIN1_2", 110, -1550, "B", "DIP", "AC2", "", "C", 78.74, 78.74, 51.18, 0],
		[5, "AMS1117_1", 520.55, -306.93, "B", "SMD", "GND", "GND", "R", 98.42, 43.31, 0, 270],
		[6, "AMS1117_2", 430, -306.93, "B", "SMD", "VCC", "", "R", 98.42, 43.31, 0, 270],
		[7, "AMS1117_3", 339.45, -306.93, "B", "SMD", "+5V", "", "R", 98.42, 43.31, 0, 270],
		[8, "AMS1117_4", 430, -73.07, "B", "SMD", "VCC", "", "R", 92.13, 141.73, 0, 270],
		[9, "bc547_r1_1", 960.63, -872.4, "B", "SMD", "$1N2223", "", "R", 49.21, 27.56, 0, 180],
		[10, "bc547_r1_2", 960.63, -797.6, "B", "SMD", "GND", "GND", "R", 49.21, 27.56, 0, 180],
		[11, "bc547_r1_3", 1039.37, -835, "B", "SMD", "$1N2227", "", "R", 49.21, 27.56, 0, 180],
		[12, "BOOT1_1", 1580, -226.02, "B", "SMD", "BOOT", "", "R", 48.42, 53.54, 0, 90],
		[13, "BOOT1_2", 1580, -53.98, "B", "SMD", "GND", "GND", "R", 48.42, 53.54, 0, 90],
		[14, "C6_1", 325, -552.7, "B", "SMD", "GND", "GND", "R", 58.47, 68.03, 0, 90],
		[15, "C6_2", 325, -427.3, "B", "SMD", "+5V", "", "R", 58.47, 68.03, 0, 90],
		[16, "C7_1", 430, -427.3, "B", "SMD", "VCC", "", "R", 58.47, 68.03, 0, 270],
		[17, "C7_2", 430, -552.7, "B", "SMD", "GND", "GND", "R", 58.47, 68.03, 0, 270],
		[18, "C14_1", 1194.59, 418.9, "B", "SMD", "VBUS", "", "R", 58.47, 68.03, 0, 0],
		[19, "C14_2", 1319.99, 418.9, "B", "SMD", "GND", "GND", "R", 58.47, 68.03, 0, 0],
		[20, "C15_1", 1509.17, 343.36, "B", "SMD", "GND", "GND", "R", 58.47, 68.03, 0, 270],
		[21, "C15_2", 1509.17, 217.96, "B", "SMD", "3.3V", "", "R", 58.47, 68.03, 0, 270],
		[22, "CH340C_1", 1178.3, 132.33, "T", "SMD", "GND", "GND", "O", 22.05, 68.7, 0, 0],
		[23, "CH340C_2", 1228.3, 132.33, "T", "SMD", "MCU_RX", "", "O", 22.05, 68.7, 0, 0],
		[24, "CH340C_3", 1278.3, 132.33, "T", "SMD", "MCU_TX", "", "O", 22.05, 68.7, 0, 0],
		[25, "CH340C_4", 1328.3, 132.33, "T", "SMD", "3.3V", "", "O", 22.05, 68.7, 0, 0],
		[26, "CH340C_5", 1378.3, 132.33, "T", "SMD", "D+", "", "O", 22.05, 68.7, 0, 0],
		[27, "CH340C_6", 1428.3, 132.33, "T", "SMD", "D-", "", "O", 22.05, 68.7, 0, 0],
		[28, "CH340C_7", 1478.3, 132.33, "T", "SMD", "CH340C_7", "", "O", 22.05, 68.7, 0, 0],
		[29, "CH340C_8", 1528.3, 132.33, "T", "SMD", "CH340C_8", "", "O", 22.05, 68.7, 0, 0],
		[30, "CH340C_9", 1528.3, 358.51, "T", "SMD", "CH340C_9", "", "O", 22.05, 68.7, 0, 0],
		[31, "CH340C_10", 1478.3, 358.51, "T", "SMD", "CH340C_10", "", "O", 22.05, 68.7, 0, 0],
		[32, "CH340C_11", 1428.3, 358.51, "T", "SMD", "CH340C_11", "", "O", 22.05, 68.7, 0, 0],
		[33, "CH340C_12", 1378.3, 358.51, "T", "SMD", "CH340C_12", "", "O", 22.05, 68.7, 0, 0],
		[34, "CH340C_13", 1328.3, 358.51, "T", "SMD", "DTR", "", "O", 22.05, 68.7, 0, 0],
		[35, "CH340C_14", 1278.3, 358.51, "T", "SMD", "RTS", "", "O", 22.05, 68.7, 0, 0],
		[36, "CH340C_15", 1228.3, 358.51, "T", "SMD", "CH340C_15", "", "O", 22.05, 68.7, 0, 0],
		[37, "CH340C_16", 1178.3, 358.51, "T", "SMD", "3.3V", "", "O", 22.05, 68.7, 0, 0],
		[38, "D1_1", 1241.61, -1158.23, "B", "SMD", "+5V", "", "R", 78.74, 78.74, 0, 270],
		[39, "D1_2", 1241.61, -985, "B", "SMD", "$1N2227", "", "R", 78.74, 78.74, 0, 270],
		[40, "ESP32_1", 994.3, -57.61, "T", "SMD", "GND", "GND", "R", 37.4, 82.68, 0, 90],
		[41, "ESP32_2", 994.3, -107.61, "T", "SMD", "VCC", "", "R", 37.4, 82.68, 0, 90],
		[42, "ESP32_3", 994.3, -157.61, "T", "SMD", "EN", "", "R", 37.4, 82.68, 0, 90],
		[43, "ESP32_4", 994.3, -207.61, "T", "SMD", "ESP32_4", "", "R", 37.4, 82.68, 0, 90],
		[44, "ESP32_5", 994.3, -257.61, "T", "SMD", "ESP32_5", "", "R", 37.4, 82.68, 0, 90],
		[45, "ESP32_6", 994.3, -307.61, "T", "SMD", "ESP32_6", "", "R", 37.4, 82.68, 0, 90],
		[46, "ESP32_7", 994.3, -357.61, "T", "SMD", "ESP32_7", "", "R", 37.4, 82.68, 0, 90],
		[47, "ESP32_8", 994.3, -407.61, "T", "SMD", "ESP32_8", "", "R", 37.4, 82.68, 0, 90],
		[48, "ESP32_9", 994.3, -457.61, "T", "SMD", "ESP32_9", "", "R", 37.4, 82.68, 0, 90],
		[49, "ESP32_10", 994.3, -507.61, "T", "SMD", "ESP32_10", "", "R", 37.4, 82.68, 0, 90],
		[50, "ESP32_11", 994.3, -557.61, "T", "SMD", "ESP32_11", "", "R", 37.4, 82.68, 0, 90],
		[51, "ESP32_12", 994.3, -607.61, "T", "SMD", "ESP32_12", "", "R", 37.4, 82.68, 0, 90],
		[52, "ESP32_13", 994.3, -657.61, "T", "SMD", "ESP32_13", "", "R", 37.4, 82.68, 0, 90],
		[53, "ESP32_14", 994.3, -707.61, "T", "SMD", "ESP32_14", "", "R", 37.4, 82.68, 0, 90],
		[54, "ESP32_15", 1123.63, -769.81, "T", "SMD", "GND", "GND", "R", 82.68, 37.4, 0, 90],
		[55, "ESP32_16", 1173.63, -769.81, "T", "SMD", "ESP32_16", "", "R", 82.68, 37.4, 0, 90],
		[56, "ESP32_17", 1223.63, -769.81, "T", "SMD", "ESP32_17", "", "R", 82.68, 37.4, 0, 90],
		[57, "ESP32_18", 1273.63, -769.81, "T", "SMD", "ESP32_18", "", "R", 82.68, 37.4, 0, 90],
		[58, "ESP32_19", 1323.63, -769.81, "T", "SMD", "ESP32_19", "", "R", 82.68, 37.4, 0, 90],
		[59, "ESP32_20", 1373.63, -769.81, "T", "SMD", "ESP32_20", "", "R", 82.68, 37.4, 0, 90],
		[60, "ESP32_21", 1423.63, -769.81, "T", "SMD", "ESP32_21", "", "R", 82.68, 37.4, 0, 90],
		[61, "ESP32_22", 1473.63, -769.81, "T", "SMD", "ESP32_22", "", "R", 82.68, 37.4, 0, 90],
		[62, "ESP32_23", 1523.63, -769.81, "T", "SMD", "ESP32_23", "", "R", 82.68, 37.4, 0, 90],
		[63, "ESP32_24", 1573.63, -769.81, "T", "SMD", "2", "", "R", 82.68, 37.4, 0, 90],
		[64, "ESP32_25", 1702.95, -707.61, "T", "SMD", "BOOT", "", "R", 37.4, 82.68, 0, 90],
		[65, "ESP32_26", 1702.95, -657.61, "T", "SMD", "4", "", "R", 37.4, 82.68, 0, 90],
		[66, "ESP32_27", 1702.95, -607.61, "T", "SMD", "IN", "", "R", 37.4, 82.68, 0, 90],
		[67, "ESP32_28", 1702.95, -557.61, "T", "SMD", "OUT", "", "R", 37.4, 82.68, 0, 90],
		[68, "ESP32_29", 1702.95, -507.61, "T", "SMD", "ESP32_29", "", "R", 37.4, 82.68, 0, 90],
		[69, "ESP32_30", 1702.95, -457.61, "T", "SMD", "BUTTON", "", "R", 37.4, 82.68, 0, 90],
		[70, "ESP32_31", 1702.95, -407.61, "T", "SMD", "ESP32_31", "", "R", 37.4, 82.68, 0, 90],
		[71, "ESP32_32", 1702.95, -357.61, "T", "SMD", "ESP32_32", "", "R", 37.4, 82.68, 0, 90],
		[72, "ESP32_33", 1702.95, -307.61, "T", "SMD", "ESP32_33", "", "R", 37.4, 82.68, 0, 90],
		[73, "ESP32_34", 1702.95, -257.61, "T", "SMD", "MCU_RX", "", "R", 37.4, 82.68, 0, 90],
		[74, "ESP32_35", 1702.95, -207.61, "T", "SMD", "MCU_TX", "", "R", 37.4, 82.68, 0, 90],
		[75, "ESP32_36", 1702.95, -157.61, "T", "SMD", "ESP32_36", "", "R", 37.4, 82.68, 0, 90],
		[76, "ESP32_37", 1702.95, -107.61, "T", "SMD", "ESP32_37", "", "R", 37.4, 82.68, 0, 90],
		[77, "ESP32_38", 1702.95, -57.61, "T", "SMD", "GND", "GND", "R", 37.4, 82.68, 0, 90],
		[78, "ESP32_39", 1289.18, -361.73, "T", "SMD", "GND", "GND", "R", 149.61, 149.61, 0, 90],
		[79, "HILINK1_1", 311.57, -1263.74, "T", "DIP", "AC2", "", "C", 78.74, 78.74, 47.24, 90],
		[80, "HILINK1_1", 311.57, -1263.74, "B", "DIP", "AC2", "", "C", 78.74, 78.74, 47.24, 90],
		[81, "HILINK1_2", 508.42, -1263.74, "T", "DIP", "AC1", "", "C", 78.74, 78.74, 47.24, 90],
		[82, "HILINK1_2", 508.42, -1263.74, "B", "DIP", "AC1", "", "C", 78.74, 78.74, 47.24, 90],
		[83, "HILINK1_3", 106.85, -106.26, "T", "DIP", "GND", "GND", "C", 78.74, 78.74, 47.24, 90],
		[84, "HILINK1_3", 106.85, -106.26, "B", "DIP", "GND", "GND", "C", 78.74, 78.74, 47.24, 90],
		[85, "HILINK1_4", 713.15, -106.26, "T", "DIP", "+5V", "", "C", 78.74, 78.74, 47.24, 90],
		[86, "HILINK1_4", 713.15, -106.26, "B", "DIP", "+5V", "", "C", 78.74, 78.74, 47.24, 90],
		[87, "HT7833_1", 1193.53, 218.45, "B", "SMD", "VBUS", "", "R", 43.31, 23.62, 0, 180],
		[88, "HT7833_2", 1193.53, 255.85, "B", "SMD", "GND", "GND", "R", 43.31, 23.62, 0, 180],
		[89, "HT7833_3", 1193.53, 293.25, "B", "SMD", "VBUS", "", "R", 43.31, 23.62, 0, 180],
		[90, "HT7833_4", 1295.9, 293.25, "B", "SMD", "HT7833_4", "", "R", 43.31, 23.62, 0, 180],
		[91, "HT7833_5", 1295.9, 218.45, "B", "SMD", "3.3V", "", "R", 43.31, 23.62, 0, 180],
		[92, "LOAD1_1", 720, -1550, "T", "DIP", "L2", "", "C", 78.74, 78.74, 51.18, 0],
		[93, "LOAD1_1", 720, -1550, "B", "DIP", "L2", "", "C", 78.74, 78.74, 51.18, 0],
		[94, "LOAD1_2", 520, -1550, "T", "DIP", "AC1", "", "C", 78.74, 78.74, 51.18, 0],
		[95, "LOAD1_2", 520, -1550, "B", "DIP", "AC1", "", "C", 78.74, 78.74, 51.18, 0],
		[96, "PC817_R1_1", 1220.2, -575, "B", "SMD", "$1N2221", "", "R", 102.36, 56, 0, 180],
		[97, "PC817_R1_2", 1220.2, -675, "B", "SMD", "GND", "GND", "R", 102.36, 56, 0, 180],
		[98, "PC817_R1_3", 869.8, -675, "B", "SMD", "$1N2222", "", "R", 102.36, 56, 0, 180],
		[99, "PC817_R1_4", 869.8, -575, "B", "SMD", "+5V", "", "R", 102.36, 56, 0, 180],
		[100, "R1_1", 885, -96.78, "B", "SMD", "VCC", "", "R", 47.54, 66.97, 0, 270],
		[101, "R1_2", 885, -213.22, "B", "SMD", "EN", "", "R", 47.54, 66.97, 0, 270],
		[102, "R12_1", 1441.37, -573.17, "B", "SMD", "OUT", "", "R", 47.54, 66.97, 0, 180],
		[103, "R12_2", 1324.93, -573.17, "B", "SMD", "$1N2221", "", "R", 47.54, 66.97, 0, 180],
		[104, "R13_1", 861.78, -753.56, "B", "SMD", "$1N2222", "", "R", 47.54, 66.97, 0, 270],
		[105, "R13_2", 861.78, -870, "B", "SMD", "$1N2223", "", "R", 47.54, 66.97, 0, 270],
		[106, "R14_1", 1708.22, -1020, "B", "SMD", "4", "", "R", 47.54, 66.97, 0, 180],
		[107, "R14_2", 1591.78, -1020, "B", "SMD", "$1N2190", "", "R", 47.54, 66.97, 0, 180],
		[108, "R15_1", 1460, -1336.78, "B", "SMD", "VCC", "", "R", 47.54, 66.97, 0, 270],
		[109, "R15_2", 1460, -1453.22, "B", "SMD", "IN", "", "R", 47.54, 66.97, 0, 270],
		[110, "RELAY1_1", 912.48, -990.82, "T", "DIP", "+5V", "", "C", 70.87, 70.87, 43.31, 270],
		[111, "RELAY1_1", 912.48, -990.82, "B", "DIP", "+5V", "", "C", 70.87, 70.87, 43.31, 270],
		[112, "RELAY1_2", 1097.52, -990.85, "T", "DIP", "$1N2227", "", "C", 70.87, 70.87, 43.31, 270],
		[113, "RELAY1_2", 1097.52, -990.85, "B", "DIP", "$1N2227", "", "C", 70.87, 70.87, 43.31, 270],
		[114, "RELAY1_3", 912.48, -1443.59, "T", "DIP", "AC2", "", "C", 78.74, 78.74, 43.31, 270],
		[115, "RELAY1_3", 912.48, -1443.59, "B", "DIP", "AC2", "", "C", 78.74, 78.74, 43.31, 270],
		[116, "RELAY1_4", 912.48, -1719.18, "T", "DIP", "L2", "", "C", 78.74, 78.74, 43.31, 270],
		[117, "RELAY1_4", 912.48, -1719.18, "B", "DIP", "L2", "", "C", 78.74, 78.74, 43.31, 270],
		[118, "RESET1_1", 1140, -226.02, "B", "SMD", "EN", "", "R", 48.42, 53.54, 0, 90],
		[119, "RESET1_2", 1140, -53.98, "B", "SMD", "GND", "GND", "R", 48.42, 53.54, 0, 90],
		[120, "RESET1N1_1", 1455, -858.98, "B", "SMD", "BUTTON", "", "R", 48.42, 53.54, 0, 270],
		[121, "RESET1N1_2", 1455, -1031.02, "B", "SMD", "GND", "GND", "R", 48.42, 53.54, 0, 270],
		[122, "SWITCH_1", 1660, -1550, "T", "DIP", "GND", "GND", "C", 78.74, 78.74, 51.18, 0],
		[123, "SWITCH_1", 1660, -1550, "B", "DIP", "GND", "GND", "C", 78.74, 78.74, 51.18, 0],
		[124, "SWITCH_2", 1460, -1550, "T", "DIP", "IN", "", "C", 78.74, 78.74, 51.18, 0],
		[125, "SWITCH_2", 1460, -1550, "B", "DIP", "IN", "", "C", 78.74, 78.74, 51.18, 0],
		[126, "WS2812B1_1", 1311.58, -1025.04, "T", "SMD", "+5V", "", "R", 59.05, 39.37, 0, 0],
		[127, "WS2812B1_2", 1311.58, -1154.96, "T", "SMD", "WS2812B1_2", "", "R", 59.05, 39.37, 0, 0],
		[128, "WS2812B1_3", 1508.42, -1154.96, "T", "SMD", "GND", "GND", "R", 59.05, 39.37, 0, 0],
		[129, "WS2812B1_4", 1508.42, -1025.04, "T", "SMD", "$1N2190", "", "R", 59.05, 39.37, 0, 0],
		[130, "PAD1_40", 1210, -5, "T", "DIP", "GND", "GND", "C", 60, 60, 36, 0],
		[131, "PAD1_40", 1210, -5, "B", "DIP", "GND", "GND", "C", 60, 60, 36, 0],
		[132, "PAD2_41", 1305, -5, "T", "DIP", "MCU_RX", "", "C", 60, 60, 36, 0],
		[133, "PAD2_41", 1305, -5, "B", "DIP", "MCU_RX", "", "C", 60, 60, 36, 0],
		[134, "PAD3_42", 1403.08, -5, "T", "DIP", "MCU_TX", "", "C", 60, 60, 36, 0],
		[135, "PAD3_42", 1403.08, -5, "B", "DIP", "MCU_TX", "", "C", 60, 60, 36, 0],
		[136, "PAD4_42", 1500, -5, "T", "DIP", "3.3V", "", "C", 60, 60, 36, 0],
		[137, "PAD4_42", 1500, -5, "B", "DIP", "3.3V", "", "C", 60, 60, 36, 0],
		[138, "PAD5_42", 1498.81, 746.76, "T", "SMD", "GND", "GND", "R", 78.74, 275.59, 0, 0],
		[139, "PAD6_44", 1390.54, 727.39, "T", "SMD", "D+", "", "R", 39.37, 236.22, 0, 0],
		[140, "PAD7_45", 1311.8, 727.11, "T", "SMD", "D-", "", "R", 39.37, 236.22, 0, 0],
		[141, "PAD8_46", 1203.54, 747, "T", "SMD", "VBUS", "", "R", 78.74, 275.59, 0, 0]
	]
}
}